/*
 Navicat MySQL Data Transfer

 Source Server         : localhost
 Source Server Type    : MySQL
 Source Server Version : 80012
 Source Host           : localhost:3306
 Source Schema         : shop_online

 Target Server Type    : MySQL
 Target Server Version : 80012
 File Encoding         : 65001

 Date: 10/07/2022 18:08:30
*/

SET NAMES utf8mb4;
SET FOREIGN_KEY_CHECKS = 0;

-- ----------------------------
-- Table structure for admin
-- ----------------------------
DROP TABLE IF EXISTS `admin`;
CREATE TABLE `admin`  (
  `admin` varchar(20) CHARACTER SET gb2312 COLLATE gb2312_bin NOT NULL,
  `password` varchar(20) CHARACTER SET gb2312 COLLATE gb2312_bin NOT NULL,
  `info` varchar(20) CHARACTER SET gb2312 COLLATE gb2312_bin NOT NULL,
  PRIMARY KEY (`admin`) USING BTREE
) ENGINE = InnoDB CHARACTER SET = gb2312 COLLATE = gb2312_bin ROW_FORMAT = Dynamic;

-- ----------------------------
-- Records of admin
-- ----------------------------
INSERT INTO `admin` VALUES ('admin', 'admin', '超级管理员');

-- ----------------------------
-- Table structure for admininfo
-- ----------------------------
DROP TABLE IF EXISTS `admininfo`;
CREATE TABLE `admininfo`  (
  `type` varchar(30) CHARACTER SET gb2312 COLLATE gb2312_bin NOT NULL,
  `info` text CHARACTER SET gb2312 COLLATE gb2312_bin NOT NULL,
  PRIMARY KEY (`type`) USING BTREE
) ENGINE = InnoDB CHARACTER SET = gb2312 COLLATE = gb2312_bin ROW_FORMAT = Dynamic;

-- ----------------------------
-- Records of admininfo
-- ----------------------------
INSERT INTO `admininfo` VALUES ('当前后台版本', 'v0.0.36');
INSERT INTO `admininfo` VALUES ('基于框架', 'Layuiv2.4.5');
INSERT INTO `admininfo` VALUES ('主要特色', '响应式，清爽，极简');

-- ----------------------------
-- Table structure for brand
-- ----------------------------
DROP TABLE IF EXISTS `brand`;
CREATE TABLE `brand`  (
  `brandID` int(8) NOT NULL,
  `brandName` varchar(20) CHARACTER SET gb2312 COLLATE gb2312_bin NOT NULL,
  `insertTime` datetime(0) NOT NULL DEFAULT CURRENT_TIMESTAMP(0),
  PRIMARY KEY (`brandID`) USING BTREE
) ENGINE = InnoDB CHARACTER SET = gb2312 COLLATE = gb2312_bin ROW_FORMAT = Dynamic;

-- ----------------------------
-- Records of brand
-- ----------------------------
INSERT INTO `brand` VALUES (10000001, '苹果 / Apple', '2019-04-03 17:22:03');
INSERT INTO `brand` VALUES (10000002, '小米 / Xiaomi', '2019-04-03 17:22:03');
INSERT INTO `brand` VALUES (10000003, '惠普 / HP', '2019-04-03 17:22:03');
INSERT INTO `brand` VALUES (10000004, '红米 / Redmi', '2019-05-20 10:15:19');
INSERT INTO `brand` VALUES (10000005, '华为 / Huawei', '2019-06-20 10:36:36');
INSERT INTO `brand` VALUES (10000006, '魅族 / Meizu', '2019-05-20 10:37:35');
INSERT INTO `brand` VALUES (10000007, '一加 / OnePlus', '2019-05-20 10:39:43');

-- ----------------------------
-- Table structure for category
-- ----------------------------
DROP TABLE IF EXISTS `category`;
CREATE TABLE `category`  (
  `categoryID` int(8) NOT NULL,
  `categoryName` varchar(20) CHARACTER SET gb2312 COLLATE gb2312_bin NOT NULL,
  `insertTime` datetime(0) NOT NULL DEFAULT CURRENT_TIMESTAMP(0),
  PRIMARY KEY (`categoryID`) USING BTREE
) ENGINE = InnoDB CHARACTER SET = gb2312 COLLATE = gb2312_bin ROW_FORMAT = Dynamic;

-- ----------------------------
-- Records of category
-- ----------------------------
INSERT INTO `category` VALUES (20000001, '手机', '2019-04-03 17:20:43');
INSERT INTO `category` VALUES (20000002, '电脑', '2019-04-03 17:20:43');
INSERT INTO `category` VALUES (20000003, '平板', '2019-04-03 17:20:43');

-- ----------------------------
-- Table structure for comment
-- ----------------------------
DROP TABLE IF EXISTS `comment`;
CREATE TABLE `comment`  (
  `id` int(11) NOT NULL AUTO_INCREMENT,
  `user` varchar(20) CHARACTER SET gb2312 COLLATE gb2312_bin NOT NULL,
  `sku` int(8) NOT NULL,
  `spu` int(8) NOT NULL,
  `comment` text CHARACTER SET gb2312 COLLATE gb2312_bin NOT NULL,
  `rateValue` decimal(4, 2) NOT NULL,
  `createTime` datetime(0) NOT NULL DEFAULT CURRENT_TIMESTAMP(0),
  PRIMARY KEY (`id`) USING BTREE
) ENGINE = InnoDB AUTO_INCREMENT = 11 CHARACTER SET = gb2312 COLLATE = gb2312_bin ROW_FORMAT = Dynamic;

-- ----------------------------
-- Records of comment
-- ----------------------------
INSERT INTO `comment` VALUES (1, 'l0810', 73000015, 50000006, '相机很不错，非常喜欢！', 3.00, '2019-05-31 00:11:46');
INSERT INTO `comment` VALUES (3, 'l0810', 73000015, 50000006, '手机的外观很漂亮，看起来很有质感！', 5.00, '2019-05-31 00:12:34');
INSERT INTO `comment` VALUES (4, 'l0810', 73000015, 50000006, '非常好的一款手机，极力推荐！', 5.00, '2019-05-31 00:28:56');
INSERT INTO `comment` VALUES (5, 'SystemTest', 73000008, 50000006, '手机很给力，非常喜欢', 4.00, '2019-05-31 01:37:39');
INSERT INTO `comment` VALUES (6, 'SystemTest', 73000008, 50000006, '希望手机能够改善一下屏幕', 3.00, '2019-05-31 01:38:04');
INSERT INTO `comment` VALUES (7, 'SystemTest', 73000126, 50000016, '电脑非常不错，屏幕色彩的还原度很高', 5.00, '2019-05-31 01:56:19');
INSERT INTO `comment` VALUES (8, 'SystemTest', 73000008, 50000006, '测试系统评价', 5.00, '2019-06-01 01:23:03');
INSERT INTO `comment` VALUES (9, 'SystemTest', 73000008, 50000006, '测试系统评价', 5.00, '2019-06-01 10:33:42');
INSERT INTO `comment` VALUES (10, 'SystemTest', 73000008, 50000006, '测试商品评价\n', 5.00, '2019-06-01 15:12:48');

-- ----------------------------
-- Table structure for goods
-- ----------------------------
DROP TABLE IF EXISTS `goods`;
CREATE TABLE `goods`  (
  `goodsID` int(8) NOT NULL,
  `categoryID` int(8) NOT NULL,
  `brandID` int(8) NOT NULL,
  `goodsName` varchar(30) CHARACTER SET gb2312 COLLATE gb2312_bin NOT NULL,
  `insertTime` datetime(0) NOT NULL DEFAULT CURRENT_TIMESTAMP(0),
  `stock` int(6) NULL DEFAULT NULL,
  PRIMARY KEY (`goodsID`) USING BTREE,
  INDEX `fkone_idx`(`categoryID`) USING BTREE,
  INDEX `fktwo_idx`(`brandID`) USING BTREE,
  CONSTRAINT `fkone` FOREIGN KEY (`categoryID`) REFERENCES `category` (`categoryid`) ON DELETE RESTRICT ON UPDATE RESTRICT,
  CONSTRAINT `fktwo` FOREIGN KEY (`brandID`) REFERENCES `brand` (`brandid`) ON DELETE RESTRICT ON UPDATE RESTRICT
) ENGINE = InnoDB CHARACTER SET = gb2312 COLLATE = gb2312_bin ROW_FORMAT = Dynamic;

-- ----------------------------
-- Records of goods
-- ----------------------------
INSERT INTO `goods` VALUES (50000001, 20000002, 10000001, 'iPhone XS Max', '2019-04-03 17:58:42', 999);
INSERT INTO `goods` VALUES (50000002, 20000002, 10000003, '暗影精灵4', '2019-05-21 20:26:40', NULL);
INSERT INTO `goods` VALUES (50000003, 20000003, 10000001, 'iPad Pro 2018', '2019-05-21 20:28:41', NULL);
INSERT INTO `goods` VALUES (50000004, 20000001, 10000001, 'iPhone XS', '2019-05-26 17:35:18', NULL);
INSERT INTO `goods` VALUES (50000005, 20000001, 10000001, 'iPhone XR', '2019-05-21 20:10:03', NULL);
INSERT INTO `goods` VALUES (50000006, 20000001, 10000005, '华为 P30 Pro', '2019-05-31 19:48:56', NULL);
INSERT INTO `goods` VALUES (50000007, 20000001, 10000005, '华为 nova 4', '2019-05-21 19:51:51', NULL);
INSERT INTO `goods` VALUES (50000008, 20000001, 10000002, '小米 MIX2', '2019-05-21 19:53:35', NULL);
INSERT INTO `goods` VALUES (50000009, 20000001, 10000007, 'OnePlus 7 Pro', '2019-05-20 22:30:20', NULL);
INSERT INTO `goods` VALUES (50000010, 20000002, 10000003, '暗影精灵5', '2019-05-26 17:37:26', NULL);
INSERT INTO `goods` VALUES (50000011, 20000002, 10000005, 'HUAWEI MateBook X Pro 2019', '2019-05-26 17:58:41', NULL);
INSERT INTO `goods` VALUES (50000012, 20000002, 10000005, 'HUAWEI MateBook 14', '2019-05-26 18:17:04', NULL);
INSERT INTO `goods` VALUES (50000013, 20000003, 10000002, '小米平板4', '2019-05-27 01:04:22', NULL);
INSERT INTO `goods` VALUES (50000014, 20000002, 10000001, 'MacBook Pro', '2019-05-27 01:09:07', NULL);
INSERT INTO `goods` VALUES (50000015, 20000002, 10000001, 'iMac Pro', '2019-05-27 01:14:04', NULL);
INSERT INTO `goods` VALUES (50000016, 20000002, 10000005, 'HUAWEI MateBook X Pro', '2019-05-27 01:23:39', NULL);
INSERT INTO `goods` VALUES (50000017, 20000001, 10000004, '红米K20 Pro', '2019-05-30 00:46:28', NULL);

-- ----------------------------
-- Table structure for goodsvalue
-- ----------------------------
DROP TABLE IF EXISTS `goodsvalue`;
CREATE TABLE `goodsvalue`  (
  `spID` int(8) NOT NULL,
  `goodsID` int(8) NOT NULL,
  `valueID` int(8) NOT NULL,
  `parameterID` int(8) NOT NULL,
  PRIMARY KEY (`spID`) USING BTREE,
  INDEX `fkvalue_idx`(`valueID`) USING BTREE,
  INDEX `fkpara_idx`(`parameterID`) USING BTREE,
  INDEX `fkgoods_idx`(`goodsID`) USING BTREE,
  CONSTRAINT `fkgoods` FOREIGN KEY (`goodsID`) REFERENCES `goods` (`goodsid`) ON DELETE RESTRICT ON UPDATE RESTRICT,
  CONSTRAINT `fkpara` FOREIGN KEY (`parameterID`) REFERENCES `parameter` (`parameterid`) ON DELETE RESTRICT ON UPDATE RESTRICT,
  CONSTRAINT `fkvalue` FOREIGN KEY (`valueID`) REFERENCES `parametervalue` (`valueid`) ON DELETE RESTRICT ON UPDATE RESTRICT
) ENGINE = InnoDB CHARACTER SET = gb2312 COLLATE = gb2312_bin ROW_FORMAT = Dynamic;

-- ----------------------------
-- Records of goodsvalue
-- ----------------------------
INSERT INTO `goodsvalue` VALUES (61100001, 50000001, 31000003, 31000000);
INSERT INTO `goodsvalue` VALUES (61100002, 50000001, 31000005, 31000000);
INSERT INTO `goodsvalue` VALUES (61100003, 50000001, 31000006, 31000000);
INSERT INTO `goodsvalue` VALUES (61200001, 50000001, 32000001, 32000000);
INSERT INTO `goodsvalue` VALUES (61200002, 50000001, 32000002, 32000000);
INSERT INTO `goodsvalue` VALUES (61200003, 50000001, 32000003, 32000000);
INSERT INTO `goodsvalue` VALUES (61300001, 50000001, 33000003, 33000000);
INSERT INTO `goodsvalue` VALUES (63300013, 50000009, 31000005, 31000000);
INSERT INTO `goodsvalue` VALUES (63300014, 50000009, 31000006, 31000000);
INSERT INTO `goodsvalue` VALUES (63300015, 50000009, 32000011, 32000000);
INSERT INTO `goodsvalue` VALUES (63300016, 50000009, 32000012, 32000000);
INSERT INTO `goodsvalue` VALUES (63300017, 50000009, 32000013, 32000000);
INSERT INTO `goodsvalue` VALUES (63300018, 50000009, 33000003, 33000000);
INSERT INTO `goodsvalue` VALUES (63300019, 50000006, 31000013, 31000000);
INSERT INTO `goodsvalue` VALUES (63300020, 50000006, 31000014, 31000000);
INSERT INTO `goodsvalue` VALUES (63300021, 50000006, 31000015, 31000000);
INSERT INTO `goodsvalue` VALUES (63300022, 50000006, 32000010, 32000000);
INSERT INTO `goodsvalue` VALUES (63300023, 50000006, 32000014, 32000000);
INSERT INTO `goodsvalue` VALUES (63300024, 50000006, 32000015, 32000000);
INSERT INTO `goodsvalue` VALUES (63300025, 50000006, 32000016, 32000000);
INSERT INTO `goodsvalue` VALUES (63300026, 50000006, 32000017, 32000000);
INSERT INTO `goodsvalue` VALUES (63300027, 50000006, 33000003, 33000000);
INSERT INTO `goodsvalue` VALUES (63300028, 50000007, 31000013, 31000000);
INSERT INTO `goodsvalue` VALUES (63300029, 50000007, 31000016, 31000000);
INSERT INTO `goodsvalue` VALUES (63300030, 50000007, 32000007, 32000000);
INSERT INTO `goodsvalue` VALUES (63300031, 50000007, 32000008, 32000000);
INSERT INTO `goodsvalue` VALUES (63300032, 50000007, 32000009, 32000000);
INSERT INTO `goodsvalue` VALUES (63300033, 50000007, 32000010, 32000000);
INSERT INTO `goodsvalue` VALUES (63300034, 50000007, 33000003, 33000000);
INSERT INTO `goodsvalue` VALUES (63300035, 50000008, 31000005, 31000000);
INSERT INTO `goodsvalue` VALUES (63300036, 50000008, 31000006, 31000000);
INSERT INTO `goodsvalue` VALUES (63300037, 50000008, 32000006, 32000000);
INSERT INTO `goodsvalue` VALUES (63300038, 50000008, 32000009, 32000000);
INSERT INTO `goodsvalue` VALUES (63300039, 50000008, 32000010, 32000000);
INSERT INTO `goodsvalue` VALUES (63300040, 50000008, 33000002, 33000000);
INSERT INTO `goodsvalue` VALUES (63300041, 50000005, 31000004, 31000000);
INSERT INTO `goodsvalue` VALUES (63300042, 50000005, 31000005, 31000000);
INSERT INTO `goodsvalue` VALUES (63300043, 50000005, 31000006, 31000000);
INSERT INTO `goodsvalue` VALUES (63300044, 50000005, 32000018, 32000000);
INSERT INTO `goodsvalue` VALUES (63300045, 50000005, 32000019, 32000000);
INSERT INTO `goodsvalue` VALUES (63300046, 50000005, 32000020, 32000000);
INSERT INTO `goodsvalue` VALUES (63300047, 50000005, 32000021, 32000000);
INSERT INTO `goodsvalue` VALUES (63300048, 50000005, 32000022, 32000000);
INSERT INTO `goodsvalue` VALUES (63300049, 50000005, 32000023, 32000000);
INSERT INTO `goodsvalue` VALUES (63300050, 50000005, 33000002, 33000000);
INSERT INTO `goodsvalue` VALUES (63300057, 50000002, 31000010, 31000000);
INSERT INTO `goodsvalue` VALUES (63300058, 50000002, 31000011, 31000000);
INSERT INTO `goodsvalue` VALUES (63300059, 50000002, 31000017, 31000000);
INSERT INTO `goodsvalue` VALUES (63300060, 50000002, 31000018, 31000000);
INSERT INTO `goodsvalue` VALUES (63300061, 50000002, 32000019, 32000000);
INSERT INTO `goodsvalue` VALUES (63300062, 50000002, 33000008, 33000000);
INSERT INTO `goodsvalue` VALUES (63300063, 50000003, 31000004, 31000000);
INSERT INTO `goodsvalue` VALUES (63300064, 50000003, 31000006, 31000000);
INSERT INTO `goodsvalue` VALUES (63300065, 50000003, 31000007, 31000000);
INSERT INTO `goodsvalue` VALUES (63300066, 50000003, 31000008, 31000000);
INSERT INTO `goodsvalue` VALUES (63300067, 50000003, 32000001, 32000000);
INSERT INTO `goodsvalue` VALUES (63300068, 50000003, 32000003, 32000000);
INSERT INTO `goodsvalue` VALUES (63300069, 50000003, 33000006, 33000000);
INSERT INTO `goodsvalue` VALUES (63300070, 50000003, 33000007, 33000000);
INSERT INTO `goodsvalue` VALUES (63300071, 50000004, 31000004, 31000000);
INSERT INTO `goodsvalue` VALUES (63300072, 50000004, 31000006, 31000000);
INSERT INTO `goodsvalue` VALUES (63300073, 50000004, 31000007, 31000000);
INSERT INTO `goodsvalue` VALUES (63300074, 50000004, 32000001, 32000000);
INSERT INTO `goodsvalue` VALUES (63300075, 50000004, 32000002, 32000000);
INSERT INTO `goodsvalue` VALUES (63300076, 50000004, 32000003, 32000000);
INSERT INTO `goodsvalue` VALUES (63300077, 50000004, 33000002, 33000000);
INSERT INTO `goodsvalue` VALUES (63300078, 50000010, 31000019, 31000000);
INSERT INTO `goodsvalue` VALUES (63300079, 50000010, 31000020, 31000000);
INSERT INTO `goodsvalue` VALUES (63300080, 50000010, 31000021, 31000000);
INSERT INTO `goodsvalue` VALUES (63300081, 50000010, 32000019, 32000000);
INSERT INTO `goodsvalue` VALUES (63300082, 50000010, 33000009, 33000000);
INSERT INTO `goodsvalue` VALUES (63300083, 50000010, 33000010, 33000000);
INSERT INTO `goodsvalue` VALUES (63300084, 50000011, 31000007, 31000000);
INSERT INTO `goodsvalue` VALUES (63300085, 50000011, 31000008, 31000000);
INSERT INTO `goodsvalue` VALUES (63300086, 50000011, 32000001, 32000000);
INSERT INTO `goodsvalue` VALUES (63300087, 50000011, 32000002, 32000000);
INSERT INTO `goodsvalue` VALUES (63300088, 50000011, 32000003, 32000000);
INSERT INTO `goodsvalue` VALUES (63300089, 50000011, 33000007, 33000000);
INSERT INTO `goodsvalue` VALUES (63300090, 50000012, 31000011, 31000000);
INSERT INTO `goodsvalue` VALUES (63300091, 50000012, 31000018, 31000000);
INSERT INTO `goodsvalue` VALUES (63300092, 50000012, 32000001, 32000000);
INSERT INTO `goodsvalue` VALUES (63300093, 50000012, 32000013, 32000000);
INSERT INTO `goodsvalue` VALUES (63300094, 50000012, 33000011, 33000000);
INSERT INTO `goodsvalue` VALUES (63300095, 50000013, 31000003, 31000000);
INSERT INTO `goodsvalue` VALUES (63300096, 50000013, 31000004, 31000000);
INSERT INTO `goodsvalue` VALUES (63300097, 50000013, 32000002, 32000000);
INSERT INTO `goodsvalue` VALUES (63300098, 50000013, 32000019, 32000000);
INSERT INTO `goodsvalue` VALUES (63300099, 50000013, 33000004, 33000000);
INSERT INTO `goodsvalue` VALUES (63300100, 50000013, 33000006, 33000000);
INSERT INTO `goodsvalue` VALUES (63300101, 50000014, 31000022, 31000000);
INSERT INTO `goodsvalue` VALUES (63300102, 50000014, 31000023, 31000000);
INSERT INTO `goodsvalue` VALUES (63300103, 50000014, 32000001, 32000000);
INSERT INTO `goodsvalue` VALUES (63300104, 50000014, 32000003, 32000000);
INSERT INTO `goodsvalue` VALUES (63300105, 50000014, 33000007, 33000000);
INSERT INTO `goodsvalue` VALUES (63300106, 50000014, 33000008, 33000000);
INSERT INTO `goodsvalue` VALUES (63300107, 50000015, 31000011, 31000000);
INSERT INTO `goodsvalue` VALUES (63300108, 50000015, 31000012, 31000000);
INSERT INTO `goodsvalue` VALUES (63300109, 50000015, 31000018, 31000000);
INSERT INTO `goodsvalue` VALUES (63300110, 50000015, 32000001, 32000000);
INSERT INTO `goodsvalue` VALUES (63300111, 50000015, 32000019, 32000000);
INSERT INTO `goodsvalue` VALUES (63300112, 50000015, 33000012, 33000000);
INSERT INTO `goodsvalue` VALUES (63300113, 50000016, 31000010, 31000000);
INSERT INTO `goodsvalue` VALUES (63300114, 50000016, 31000011, 31000000);
INSERT INTO `goodsvalue` VALUES (63300115, 50000016, 31000017, 31000000);
INSERT INTO `goodsvalue` VALUES (63300116, 50000016, 32000001, 32000000);
INSERT INTO `goodsvalue` VALUES (63300117, 50000016, 32000003, 32000000);
INSERT INTO `goodsvalue` VALUES (63300118, 50000016, 32000013, 32000000);
INSERT INTO `goodsvalue` VALUES (63300119, 50000016, 33000007, 33000000);
INSERT INTO `goodsvalue` VALUES (63300120, 50000017, 31000013, 31000000);
INSERT INTO `goodsvalue` VALUES (63300121, 50000017, 31000014, 31000000);
INSERT INTO `goodsvalue` VALUES (63300122, 50000017, 31000015, 31000000);
INSERT INTO `goodsvalue` VALUES (63300123, 50000017, 31000016, 31000000);
INSERT INTO `goodsvalue` VALUES (63300124, 50000017, 32000024, 32000000);
INSERT INTO `goodsvalue` VALUES (63300125, 50000017, 32000025, 32000000);
INSERT INTO `goodsvalue` VALUES (63300126, 50000017, 32000026, 32000000);
INSERT INTO `goodsvalue` VALUES (63300127, 50000017, 33000003, 33000000);

-- ----------------------------
-- Table structure for img
-- ----------------------------
DROP TABLE IF EXISTS `img`;
CREATE TABLE `img`  (
  `imgID` int(8) NOT NULL,
  `goodsID` int(8) NOT NULL,
  `imgSrc` varchar(45) CHARACTER SET gb2312 COLLATE gb2312_bin NOT NULL,
  `insertTime` datetime(0) NOT NULL DEFAULT CURRENT_TIMESTAMP(0),
  PRIMARY KEY (`imgID`) USING BTREE
) ENGINE = InnoDB CHARACTER SET = gb2312 COLLATE = gb2312_bin ROW_FORMAT = Dynamic;

-- ----------------------------
-- Records of img
-- ----------------------------
INSERT INTO `img` VALUES (41000001, 50000001, 'pic/XsMAX_one.png', '2019-04-03 18:14:06');
INSERT INTO `img` VALUES (41000002, 50000001, 'pic/XsMAX_two.png', '2019-04-03 18:14:06');
INSERT INTO `img` VALUES (43000003, 50000006, 'pic\\50000006.png', '2019-05-21 19:48:56');
INSERT INTO `img` VALUES (43000004, 50000007, 'pic\\50000007.png', '2019-05-21 19:51:51');
INSERT INTO `img` VALUES (43000005, 50000008, 'pic\\50000008.png', '2019-05-21 19:53:35');
INSERT INTO `img` VALUES (43000006, 50000009, 'pic\\50000009.png', '2019-05-20 22:30:20');
INSERT INTO `img` VALUES (43000007, 50000005, 'pic\\50000005.png', '2019-05-21 20:10:03');
INSERT INTO `img` VALUES (43000009, 50000002, 'pic\\50000002.png', '2019-05-21 20:26:40');
INSERT INTO `img` VALUES (43000010, 50000003, 'pic\\50000003.png', '2019-05-21 20:28:41');
INSERT INTO `img` VALUES (43000011, 50000004, 'pic\\50000004.png', '2019-05-26 17:35:19');
INSERT INTO `img` VALUES (43000012, 50000010, 'pic\\50000010.png', '2019-05-26 17:37:26');
INSERT INTO `img` VALUES (43000013, 50000011, 'pic\\50000011.png', '2019-05-26 17:58:41');
INSERT INTO `img` VALUES (43000014, 50000012, 'pic\\50000012.png', '2019-05-26 18:17:04');
INSERT INTO `img` VALUES (43000015, 50000013, 'pic\\50000013.png', '2019-05-27 01:04:22');
INSERT INTO `img` VALUES (43000016, 50000014, 'pic\\50000014.png', '2019-05-27 01:09:07');
INSERT INTO `img` VALUES (43000017, 50000015, 'pic\\50000015.png', '2019-05-27 01:14:04');
INSERT INTO `img` VALUES (43000018, 50000016, 'pic\\50000016.png', '2019-05-27 01:23:39');
INSERT INTO `img` VALUES (43000019, 50000017, 'pic\\50000017.png', '2019-05-30 00:46:28');

-- ----------------------------
-- Table structure for message
-- ----------------------------
DROP TABLE IF EXISTS `message`;
CREATE TABLE `message`  (
  `id` int(11) NOT NULL AUTO_INCREMENT,
  `user` varchar(20) CHARACTER SET gb2312 COLLATE gb2312_bin NOT NULL,
  `message` text CHARACTER SET gb2312 COLLATE gb2312_bin NOT NULL,
  `createTime` datetime(0) NOT NULL DEFAULT CURRENT_TIMESTAMP(0),
  PRIMARY KEY (`id`) USING BTREE
) ENGINE = InnoDB AUTO_INCREMENT = 16 CHARACTER SET = gb2312 COLLATE = gb2312_bin ROW_FORMAT = Dynamic;

-- ----------------------------
-- Records of message
-- ----------------------------
INSERT INTO `message` VALUES (1, 'SystemTest', '加油', '2019-05-13 20:15:22');
INSERT INTO `message` VALUES (2, 'SystemTest', '加油', '2019-05-13 20:45:04');
INSERT INTO `message` VALUES (3, 'SystemTest', '加油', '2019-05-13 20:45:08');
INSERT INTO `message` VALUES (4, 'SystemTest', '加油', '2019-05-13 20:45:11');
INSERT INTO `message` VALUES (5, 'SystemTest', '加油', '2019-05-13 20:46:10');
INSERT INTO `message` VALUES (6, 'SystemTest', '加油', '2019-05-13 20:56:25');
INSERT INTO `message` VALUES (8, 'SystemTest', '加油', '2019-05-13 21:21:30');
INSERT INTO `message` VALUES (9, 'SystemTest', '加油', '2019-05-13 21:22:20');
INSERT INTO `message` VALUES (10, 'SystemTest', '加油', '2019-05-13 21:23:24');
INSERT INTO `message` VALUES (11, 'SystemTest', '加油', '2019-05-15 14:42:56');
INSERT INTO `message` VALUES (12, 'SystemTest', '系统整体不错，但有些方面需要完善', '2019-05-24 22:02:02');
INSERT INTO `message` VALUES (13, 'SystemTest', '本系统将使用前后端分离的开发模式，前端部分使用HTML静态页面，后端使用Java servlet作为性能支撑和技术支撑， 采用MySQL数据库作为数据存储，提供数据支持，MySQL数据库在Web应用开发上有着较大的优势； 服务器方面，采用Nginx和Tomcat的组合，Nginx可以负责反向代理，负载均衡和动态与静态资源的分配，大幅提高系统的并发性， Tomcat作为servlet的容器；框架方面，使用Bootstrap作为基础框架，jQuery框架及其衍生框架，Layui，Vue.js，ElementUI等作为辅助框架，构建整个Web应用。\n\n本系统重在于用户UI交互，限于时间以及个人能力，对系统的某些方面做得不够好。', '2019-05-24 22:02:57');
INSERT INTO `message` VALUES (14, 'SystemTest', '系统UI做的不错，继续努力', '2019-05-26 00:45:47');
INSERT INTO `message` VALUES (15, 'SystemTest', '测试系统留言', '2019-06-01 01:20:49');

-- ----------------------------
-- Table structure for parameter
-- ----------------------------
DROP TABLE IF EXISTS `parameter`;
CREATE TABLE `parameter`  (
  `parameterID` int(8) NOT NULL,
  `parameterName` varchar(20) CHARACTER SET gb2312 COLLATE gb2312_bin NOT NULL,
  PRIMARY KEY (`parameterID`) USING BTREE
) ENGINE = InnoDB CHARACTER SET = gb2312 COLLATE = gb2312_bin ROW_FORMAT = Dynamic;

-- ----------------------------
-- Records of parameter
-- ----------------------------
INSERT INTO `parameter` VALUES (31000000, '存储');
INSERT INTO `parameter` VALUES (32000000, '颜色');
INSERT INTO `parameter` VALUES (33000000, '尺寸');

-- ----------------------------
-- Table structure for parametervalue
-- ----------------------------
DROP TABLE IF EXISTS `parametervalue`;
CREATE TABLE `parametervalue`  (
  `valueID` int(8) NOT NULL,
  `parameterID` int(8) NOT NULL,
  `value` varchar(30) CHARACTER SET gb2312 COLLATE gb2312_bin NOT NULL,
  PRIMARY KEY (`valueID`) USING BTREE,
  INDEX `fkparameter_idx`(`parameterID`) USING BTREE,
  CONSTRAINT `fkparameter` FOREIGN KEY (`parameterID`) REFERENCES `parameter` (`parameterid`) ON DELETE RESTRICT ON UPDATE RESTRICT
) ENGINE = InnoDB CHARACTER SET = gb2312 COLLATE = gb2312_bin ROW_FORMAT = Dynamic;

-- ----------------------------
-- Records of parametervalue
-- ----------------------------
INSERT INTO `parametervalue` VALUES (31000001, 31000000, '8GB+128GB');
INSERT INTO `parametervalue` VALUES (31000002, 31000000, '16GB');
INSERT INTO `parametervalue` VALUES (31000003, 31000000, '32GB');
INSERT INTO `parametervalue` VALUES (31000004, 31000000, '64GB');
INSERT INTO `parametervalue` VALUES (31000005, 31000000, '128GB');
INSERT INTO `parametervalue` VALUES (31000006, 31000000, '256GB');
INSERT INTO `parametervalue` VALUES (31000007, 31000000, '512GB');
INSERT INTO `parametervalue` VALUES (31000008, 31000000, '1TB');
INSERT INTO `parametervalue` VALUES (31000009, 31000000, '2TB');
INSERT INTO `parametervalue` VALUES (31000010, 31000000, 'i5 128G SSD+1TB HDD');
INSERT INTO `parametervalue` VALUES (31000011, 31000000, 'i5 512G SSD');
INSERT INTO `parametervalue` VALUES (31000012, 31000000, '1TB SSD');
INSERT INTO `parametervalue` VALUES (31000013, 31000000, '8GB+128GB');
INSERT INTO `parametervalue` VALUES (31000014, 31000000, '8GB+256GB');
INSERT INTO `parametervalue` VALUES (31000015, 31000000, '8GB+512GB');
INSERT INTO `parametervalue` VALUES (31000016, 31000000, '6GB+128GB');
INSERT INTO `parametervalue` VALUES (31000017, 31000000, 'i7 128G SSD+1TB HDD');
INSERT INTO `parametervalue` VALUES (31000018, 31000000, 'i7 512G SSD');
INSERT INTO `parametervalue` VALUES (31000019, 31000000, 'i5九代+GTX1050+8G+512GSSD');
INSERT INTO `parametervalue` VALUES (31000020, 31000000, 'i5九代+GTX1650+8G+512GSSD');
INSERT INTO `parametervalue` VALUES (31000021, 31000000, 'i5九代+GTX1660Ti+8G+512GSSD');
INSERT INTO `parametervalue` VALUES (31000022, 31000000, 'i5+128GBSSD');
INSERT INTO `parametervalue` VALUES (31000023, 31000000, 'I5 256GBSSD');
INSERT INTO `parametervalue` VALUES (32000001, 32000000, '深空灰');
INSERT INTO `parametervalue` VALUES (32000002, 32000000, '金色');
INSERT INTO `parametervalue` VALUES (32000003, 32000000, '银色');
INSERT INTO `parametervalue` VALUES (32000004, 32000000, '幻彩蓝');
INSERT INTO `parametervalue` VALUES (32000005, 32000000, '幻彩紫');
INSERT INTO `parametervalue` VALUES (32000006, 32000000, '透明尊享版');
INSERT INTO `parametervalue` VALUES (32000007, 32000000, '蜜语红');
INSERT INTO `parametervalue` VALUES (32000008, 32000000, '苏音蓝');
INSERT INTO `parametervalue` VALUES (32000009, 32000000, '贝母白');
INSERT INTO `parametervalue` VALUES (32000010, 32000000, '亮黑色');
INSERT INTO `parametervalue` VALUES (32000011, 32000000, '曜岩灰');
INSERT INTO `parametervalue` VALUES (32000012, 32000000, '星雾蓝');
INSERT INTO `parametervalue` VALUES (32000013, 32000000, '皓月金');
INSERT INTO `parametervalue` VALUES (32000014, 32000000, '极光色');
INSERT INTO `parametervalue` VALUES (32000015, 32000000, '天空之镜');
INSERT INTO `parametervalue` VALUES (32000016, 32000000, '赤茶橘');
INSERT INTO `parametervalue` VALUES (32000017, 32000000, '珠光贝母');
INSERT INTO `parametervalue` VALUES (32000018, 32000000, '蓝色');
INSERT INTO `parametervalue` VALUES (32000019, 32000000, '黑色');
INSERT INTO `parametervalue` VALUES (32000020, 32000000, '白色');
INSERT INTO `parametervalue` VALUES (32000021, 32000000, '黄色');
INSERT INTO `parametervalue` VALUES (32000022, 32000000, '珊瑚色');
INSERT INTO `parametervalue` VALUES (32000023, 32000000, '红色');
INSERT INTO `parametervalue` VALUES (32000024, 32000000, '火焰红');
INSERT INTO `parametervalue` VALUES (32000025, 32000000, '冰川蓝');
INSERT INTO `parametervalue` VALUES (32000026, 32000000, '碳纤黑');
INSERT INTO `parametervalue` VALUES (33000001, 33000000, '4.7寸');
INSERT INTO `parametervalue` VALUES (33000002, 33000000, '5.5寸');
INSERT INTO `parametervalue` VALUES (33000003, 33000000, '6.5寸');
INSERT INTO `parametervalue` VALUES (33000004, 33000000, '7.9寸');
INSERT INTO `parametervalue` VALUES (33000005, 33000000, '9.6寸');
INSERT INTO `parametervalue` VALUES (33000006, 33000000, '10.5寸');
INSERT INTO `parametervalue` VALUES (33000007, 33000000, '12.9寸');
INSERT INTO `parametervalue` VALUES (33000008, 33000000, '15.6寸');
INSERT INTO `parametervalue` VALUES (33000009, 33000000, '15.6寸60Hz');
INSERT INTO `parametervalue` VALUES (33000010, 33000000, '15.6寸144Hz');
INSERT INTO `parametervalue` VALUES (33000011, 33000000, '13.3寸2K');
INSERT INTO `parametervalue` VALUES (33000012, 33000000, '27寸5K P3显示屏');

-- ----------------------------
-- Table structure for price
-- ----------------------------
DROP TABLE IF EXISTS `price`;
CREATE TABLE `price`  (
  `sku` int(8) NOT NULL,
  `goodsID` int(8) NOT NULL,
  `spID1` int(8) NOT NULL,
  `spID2` int(8) NOT NULL,
  `spID3` int(8) NOT NULL,
  `price` decimal(14, 2) NOT NULL DEFAULT 0.00,
  `stock` int(6) NOT NULL DEFAULT 0,
  PRIMARY KEY (`sku`) USING BTREE,
  INDEX `fkp1_idx`(`goodsID`) USING BTREE,
  INDEX `fkspid1_idx`(`spID1`) USING BTREE,
  INDEX `fkspid2_idx`(`spID2`) USING BTREE,
  INDEX `fkspid3_idx`(`spID3`) USING BTREE,
  CONSTRAINT `fkgood` FOREIGN KEY (`goodsID`) REFERENCES `goods` (`goodsid`) ON DELETE RESTRICT ON UPDATE RESTRICT,
  CONSTRAINT `fkspid1` FOREIGN KEY (`spID1`) REFERENCES `goodsvalue` (`spid`) ON DELETE RESTRICT ON UPDATE RESTRICT,
  CONSTRAINT `fkspid2` FOREIGN KEY (`spID2`) REFERENCES `goodsvalue` (`spid`) ON DELETE RESTRICT ON UPDATE RESTRICT,
  CONSTRAINT `fkspid3` FOREIGN KEY (`spID3`) REFERENCES `goodsvalue` (`spid`) ON DELETE RESTRICT ON UPDATE RESTRICT
) ENGINE = InnoDB CHARACTER SET = gb2312 COLLATE = gb2312_bin ROW_FORMAT = Dynamic;

-- ----------------------------
-- Records of price
-- ----------------------------
INSERT INTO `price` VALUES (71000001, 50000001, 61100001, 61200001, 61300001, 6239.00, 119);
INSERT INTO `price` VALUES (71000002, 50000001, 61100002, 61200002, 61300001, 7429.00, 791);
INSERT INTO `price` VALUES (71000003, 50000001, 61100002, 61200001, 61300001, 7429.00, 937);
INSERT INTO `price` VALUES (71000004, 50000001, 61100003, 61200001, 61300001, 9229.00, 837);
INSERT INTO `price` VALUES (71000005, 50000001, 61100001, 61200002, 61300001, 6229.00, 1);
INSERT INTO `price` VALUES (71000006, 50000001, 61100001, 61200003, 61300001, 6229.00, 0);
INSERT INTO `price` VALUES (71000007, 50000001, 61100002, 61200003, 61300001, 7429.00, 879);
INSERT INTO `price` VALUES (71000008, 50000001, 61100003, 61200002, 61300001, 9229.00, 884);
INSERT INTO `price` VALUES (71000009, 50000001, 61100003, 61200003, 61300001, 9229.00, 860);
INSERT INTO `price` VALUES (73000002, 50000009, 63300013, 63300015, 63300018, 3999.00, 0);
INSERT INTO `price` VALUES (73000003, 50000009, 63300013, 63300016, 63300018, 4499.00, 998);
INSERT INTO `price` VALUES (73000004, 50000009, 63300013, 63300017, 63300018, 3999.00, 992);
INSERT INTO `price` VALUES (73000005, 50000009, 63300014, 63300015, 63300018, 4499.00, 666);
INSERT INTO `price` VALUES (73000006, 50000009, 63300014, 63300016, 63300018, 4499.00, 776);
INSERT INTO `price` VALUES (73000007, 50000009, 63300014, 63300017, 63300018, 4499.00, 888);
INSERT INTO `price` VALUES (73000008, 50000006, 63300019, 63300022, 63300027, 5488.00, 868);
INSERT INTO `price` VALUES (73000009, 50000006, 63300019, 63300023, 63300027, 5488.00, 999);
INSERT INTO `price` VALUES (73000010, 50000006, 63300019, 63300024, 63300027, 5488.00, 993);
INSERT INTO `price` VALUES (73000011, 50000006, 63300019, 63300025, 63300027, 5488.00, 999);
INSERT INTO `price` VALUES (73000012, 50000006, 63300019, 63300026, 63300027, 5488.00, 999);
INSERT INTO `price` VALUES (73000013, 50000006, 63300020, 63300022, 63300027, 5988.00, 998);
INSERT INTO `price` VALUES (73000014, 50000006, 63300020, 63300023, 63300027, 5988.00, 554);
INSERT INTO `price` VALUES (73000015, 50000006, 63300020, 63300024, 63300027, 5988.00, 646);
INSERT INTO `price` VALUES (73000016, 50000006, 63300020, 63300025, 63300027, 5988.00, 776);
INSERT INTO `price` VALUES (73000017, 50000006, 63300020, 63300026, 63300027, 5988.00, 887);
INSERT INTO `price` VALUES (73000018, 50000006, 63300021, 63300022, 63300027, 6788.00, 99);
INSERT INTO `price` VALUES (73000019, 50000006, 63300021, 63300023, 63300027, 6788.00, 999);
INSERT INTO `price` VALUES (73000020, 50000006, 63300021, 63300024, 63300027, 6788.00, 1);
INSERT INTO `price` VALUES (73000021, 50000006, 63300021, 63300025, 63300027, 6788.00, 999);
INSERT INTO `price` VALUES (73000022, 50000006, 63300021, 63300026, 63300027, 6788.00, 999);
INSERT INTO `price` VALUES (73000023, 50000007, 63300028, 63300030, 63300034, 3099.00, 998);
INSERT INTO `price` VALUES (73000024, 50000007, 63300028, 63300031, 63300034, 2899.00, 1);
INSERT INTO `price` VALUES (73000025, 50000007, 63300028, 63300032, 63300034, 2899.00, 2);
INSERT INTO `price` VALUES (73000026, 50000007, 63300028, 63300033, 63300034, 2899.00, 18);
INSERT INTO `price` VALUES (73000027, 50000007, 63300029, 63300030, 63300034, 2699.00, 0);
INSERT INTO `price` VALUES (73000028, 50000007, 63300029, 63300031, 63300034, 2699.00, 2);
INSERT INTO `price` VALUES (73000029, 50000007, 63300029, 63300032, 63300034, 2699.00, 0);
INSERT INTO `price` VALUES (73000030, 50000007, 63300029, 63300033, 63300034, 2699.00, 0);
INSERT INTO `price` VALUES (73000031, 50000008, 63300035, 63300037, 63300040, 3699.00, 0);
INSERT INTO `price` VALUES (73000032, 50000008, 63300035, 63300038, 63300040, 2999.00, 0);
INSERT INTO `price` VALUES (73000033, 50000008, 63300035, 63300039, 63300040, 2999.00, 0);
INSERT INTO `price` VALUES (73000034, 50000008, 63300036, 63300037, 63300040, 4299.00, 0);
INSERT INTO `price` VALUES (73000035, 50000008, 63300036, 63300038, 63300040, 3399.00, 0);
INSERT INTO `price` VALUES (73000036, 50000008, 63300036, 63300039, 63300040, 3399.00, 0);
INSERT INTO `price` VALUES (73000037, 50000005, 63300041, 63300044, 63300050, 6199.00, 0);
INSERT INTO `price` VALUES (73000038, 50000005, 63300041, 63300045, 63300050, 6199.00, 999);
INSERT INTO `price` VALUES (73000039, 50000005, 63300041, 63300046, 63300050, 6199.00, 999);
INSERT INTO `price` VALUES (73000040, 50000005, 63300041, 63300047, 63300050, 6199.00, 0);
INSERT INTO `price` VALUES (73000041, 50000005, 63300041, 63300048, 63300050, 6199.00, 999);
INSERT INTO `price` VALUES (73000042, 50000005, 63300041, 63300049, 63300050, 6199.00, 999);
INSERT INTO `price` VALUES (73000043, 50000005, 63300042, 63300044, 63300050, 6699.00, 999);
INSERT INTO `price` VALUES (73000044, 50000005, 63300042, 63300045, 63300050, 6699.00, 12);
INSERT INTO `price` VALUES (73000045, 50000005, 63300042, 63300046, 63300050, 6699.00, 16);
INSERT INTO `price` VALUES (73000046, 50000005, 63300042, 63300047, 63300050, 6699.00, 23);
INSERT INTO `price` VALUES (73000047, 50000005, 63300042, 63300048, 63300050, 6699.00, 78);
INSERT INTO `price` VALUES (73000048, 50000005, 63300042, 63300049, 63300050, 6699.00, 96);
INSERT INTO `price` VALUES (73000049, 50000005, 63300043, 63300044, 63300050, 7599.00, 169);
INSERT INTO `price` VALUES (73000050, 50000005, 63300043, 63300045, 63300050, 7599.00, 272);
INSERT INTO `price` VALUES (73000051, 50000005, 63300043, 63300046, 63300050, 7599.00, 999);
INSERT INTO `price` VALUES (73000052, 50000005, 63300043, 63300047, 63300050, 7599.00, 999);
INSERT INTO `price` VALUES (73000053, 50000005, 63300043, 63300048, 63300050, 7599.00, 999);
INSERT INTO `price` VALUES (73000054, 50000005, 63300043, 63300049, 63300050, 7599.00, 999);
INSERT INTO `price` VALUES (73000055, 50000002, 63300057, 63300061, 63300062, 6499.00, 2);
INSERT INTO `price` VALUES (73000056, 50000002, 63300058, 63300061, 63300062, 6599.00, 999);
INSERT INTO `price` VALUES (73000057, 50000002, 63300059, 63300061, 63300062, 6699.00, 998);
INSERT INTO `price` VALUES (73000058, 50000002, 63300060, 63300061, 63300062, 6799.00, 999);
INSERT INTO `price` VALUES (73000059, 50000003, 63300063, 63300067, 63300069, 6331.00, 11);
INSERT INTO `price` VALUES (73000060, 50000003, 63300063, 63300067, 63300070, 6331.00, 12);
INSERT INTO `price` VALUES (73000061, 50000003, 63300063, 63300068, 63300069, 6331.00, 0);
INSERT INTO `price` VALUES (73000062, 50000003, 63300063, 63300068, 63300070, 6331.00, 0);
INSERT INTO `price` VALUES (73000063, 50000003, 63300064, 63300067, 63300069, 7599.00, 66);
INSERT INTO `price` VALUES (73000064, 50000003, 63300064, 63300067, 63300070, 7500.00, 999);
INSERT INTO `price` VALUES (73000065, 50000003, 63300064, 63300068, 63300069, 7500.00, 991);
INSERT INTO `price` VALUES (73000066, 50000003, 63300064, 63300068, 63300070, 7500.00, 0);
INSERT INTO `price` VALUES (73000067, 50000003, 63300065, 63300067, 63300069, 9059.00, 998);
INSERT INTO `price` VALUES (73000068, 50000003, 63300065, 63300067, 63300070, 9059.00, 0);
INSERT INTO `price` VALUES (73000069, 50000003, 63300065, 63300068, 63300069, 9059.00, 0);
INSERT INTO `price` VALUES (73000070, 50000003, 63300065, 63300068, 63300070, 9059.00, 0);
INSERT INTO `price` VALUES (73000071, 50000003, 63300066, 63300067, 63300069, 9059.00, 990);
INSERT INTO `price` VALUES (73000072, 50000003, 63300066, 63300067, 63300070, 9059.00, 0);
INSERT INTO `price` VALUES (73000073, 50000003, 63300066, 63300068, 63300069, 9059.00, 0);
INSERT INTO `price` VALUES (73000074, 50000003, 63300066, 63300068, 63300070, 9059.00, 0);
INSERT INTO `price` VALUES (73000075, 50000004, 63300071, 63300074, 63300077, 6229.00, 996);
INSERT INTO `price` VALUES (73000076, 50000004, 63300071, 63300075, 63300077, 6229.00, 123);
INSERT INTO `price` VALUES (73000077, 50000004, 63300071, 63300076, 63300077, 6229.00, 996);
INSERT INTO `price` VALUES (73000078, 50000004, 63300072, 63300074, 63300077, 7629.00, 123);
INSERT INTO `price` VALUES (73000079, 50000004, 63300072, 63300075, 63300077, 7629.00, 996);
INSERT INTO `price` VALUES (73000080, 50000004, 63300072, 63300076, 63300077, 7629.00, 123);
INSERT INTO `price` VALUES (73000081, 50000004, 63300073, 63300074, 63300077, 9429.00, 984);
INSERT INTO `price` VALUES (73000082, 50000004, 63300073, 63300075, 63300077, 9429.00, 999);
INSERT INTO `price` VALUES (73000083, 50000004, 63300073, 63300076, 63300077, 9429.00, 999);
INSERT INTO `price` VALUES (73000084, 50000010, 63300078, 63300081, 63300082, 5499.00, 995);
INSERT INTO `price` VALUES (73000085, 50000010, 63300078, 63300081, 63300083, 5899.00, 996);
INSERT INTO `price` VALUES (73000086, 50000010, 63300079, 63300081, 63300082, 6499.00, 995);
INSERT INTO `price` VALUES (73000087, 50000010, 63300079, 63300081, 63300083, 6999.00, 996);
INSERT INTO `price` VALUES (73000088, 50000010, 63300080, 63300081, 63300082, 7499.00, 995);
INSERT INTO `price` VALUES (73000089, 50000010, 63300080, 63300081, 63300083, 7999.00, 995);
INSERT INTO `price` VALUES (73000090, 50000011, 63300084, 63300086, 63300089, 7999.00, 35);
INSERT INTO `price` VALUES (73000091, 50000011, 63300084, 63300087, 63300089, 7999.00, 95);
INSERT INTO `price` VALUES (73000092, 50000011, 63300084, 63300088, 63300089, 7999.00, 2);
INSERT INTO `price` VALUES (73000093, 50000011, 63300085, 63300086, 63300089, 13999.00, 168);
INSERT INTO `price` VALUES (73000094, 50000011, 63300085, 63300087, 63300089, 13999.00, 998);
INSERT INTO `price` VALUES (73000095, 50000011, 63300085, 63300088, 63300089, 12999.00, 996);
INSERT INTO `price` VALUES (73000096, 50000012, 63300090, 63300092, 63300094, 0.00, 0);
INSERT INTO `price` VALUES (73000097, 50000012, 63300090, 63300093, 63300094, 0.00, 0);
INSERT INTO `price` VALUES (73000098, 50000012, 63300091, 63300092, 63300094, 0.00, 0);
INSERT INTO `price` VALUES (73000099, 50000012, 63300091, 63300093, 63300094, 0.00, 0);
INSERT INTO `price` VALUES (73000100, 50000013, 63300095, 63300097, 63300099, 0.00, 0);
INSERT INTO `price` VALUES (73000101, 50000013, 63300095, 63300097, 63300100, 0.00, 0);
INSERT INTO `price` VALUES (73000102, 50000013, 63300095, 63300098, 63300099, 0.00, 0);
INSERT INTO `price` VALUES (73000103, 50000013, 63300095, 63300098, 63300100, 0.00, 0);
INSERT INTO `price` VALUES (73000104, 50000013, 63300096, 63300097, 63300099, 0.00, 0);
INSERT INTO `price` VALUES (73000105, 50000013, 63300096, 63300097, 63300100, 0.00, 0);
INSERT INTO `price` VALUES (73000106, 50000013, 63300096, 63300098, 63300099, 0.00, 0);
INSERT INTO `price` VALUES (73000107, 50000013, 63300096, 63300098, 63300100, 0.00, 0);
INSERT INTO `price` VALUES (73000108, 50000014, 63300101, 63300103, 63300105, 0.00, 0);
INSERT INTO `price` VALUES (73000109, 50000014, 63300101, 63300103, 63300106, 0.00, 0);
INSERT INTO `price` VALUES (73000110, 50000014, 63300101, 63300104, 63300105, 0.00, 0);
INSERT INTO `price` VALUES (73000111, 50000014, 63300101, 63300104, 63300106, 0.00, 0);
INSERT INTO `price` VALUES (73000112, 50000014, 63300102, 63300103, 63300105, 0.00, 0);
INSERT INTO `price` VALUES (73000113, 50000014, 63300102, 63300103, 63300106, 0.00, 0);
INSERT INTO `price` VALUES (73000114, 50000014, 63300102, 63300104, 63300105, 0.00, 0);
INSERT INTO `price` VALUES (73000115, 50000014, 63300102, 63300104, 63300106, 0.00, 0);
INSERT INTO `price` VALUES (73000116, 50000015, 63300107, 63300110, 63300112, 0.00, 0);
INSERT INTO `price` VALUES (73000117, 50000015, 63300107, 63300111, 63300112, 0.00, 0);
INSERT INTO `price` VALUES (73000118, 50000015, 63300108, 63300110, 63300112, 0.00, 0);
INSERT INTO `price` VALUES (73000119, 50000015, 63300108, 63300111, 63300112, 0.00, 0);
INSERT INTO `price` VALUES (73000120, 50000015, 63300109, 63300110, 63300112, 0.00, 0);
INSERT INTO `price` VALUES (73000121, 50000015, 63300109, 63300111, 63300112, 0.00, 0);
INSERT INTO `price` VALUES (73000122, 50000016, 63300113, 63300116, 63300119, 6999.00, 996);
INSERT INTO `price` VALUES (73000123, 50000016, 63300113, 63300117, 63300119, 6999.00, 996);
INSERT INTO `price` VALUES (73000124, 50000016, 63300113, 63300118, 63300119, 6999.00, 996);
INSERT INTO `price` VALUES (73000125, 50000016, 63300114, 63300116, 63300119, 7299.00, 996);
INSERT INTO `price` VALUES (73000126, 50000016, 63300114, 63300117, 63300119, 7299.00, 986);
INSERT INTO `price` VALUES (73000127, 50000016, 63300114, 63300118, 63300119, 7299.00, 996);
INSERT INTO `price` VALUES (73000128, 50000016, 63300115, 63300116, 63300119, 7599.00, 996);
INSERT INTO `price` VALUES (73000129, 50000016, 63300115, 63300117, 63300119, 7599.00, 996);
INSERT INTO `price` VALUES (73000130, 50000016, 63300115, 63300118, 63300119, 7599.00, 996);
INSERT INTO `price` VALUES (73000131, 50000017, 63300120, 63300124, 63300127, 0.00, 0);
INSERT INTO `price` VALUES (73000132, 50000017, 63300120, 63300125, 63300127, 0.00, 0);
INSERT INTO `price` VALUES (73000133, 50000017, 63300120, 63300126, 63300127, 0.00, 0);
INSERT INTO `price` VALUES (73000134, 50000017, 63300121, 63300124, 63300127, 0.00, 0);
INSERT INTO `price` VALUES (73000135, 50000017, 63300121, 63300125, 63300127, 0.00, 0);
INSERT INTO `price` VALUES (73000136, 50000017, 63300121, 63300126, 63300127, 0.00, 0);
INSERT INTO `price` VALUES (73000137, 50000017, 63300122, 63300124, 63300127, 0.00, 0);
INSERT INTO `price` VALUES (73000138, 50000017, 63300122, 63300125, 63300127, 0.00, 0);
INSERT INTO `price` VALUES (73000139, 50000017, 63300122, 63300126, 63300127, 0.00, 0);
INSERT INTO `price` VALUES (73000140, 50000017, 63300123, 63300124, 63300127, 0.00, 0);
INSERT INTO `price` VALUES (73000141, 50000017, 63300123, 63300125, 63300127, 0.00, 0);
INSERT INTO `price` VALUES (73000142, 50000017, 63300123, 63300126, 63300127, 0.00, 0);

-- ----------------------------
-- Table structure for shop
-- ----------------------------
DROP TABLE IF EXISTS `shop`;
CREATE TABLE `shop`  (
  `id` varchar(30) CHARACTER SET gb2312 COLLATE gb2312_bin NOT NULL,
  `user` varchar(30) CHARACTER SET gb2312 COLLATE gb2312_bin NOT NULL,
  `sku` int(8) NOT NULL,
  `goodsName` varchar(30) CHARACTER SET gb2312 COLLATE gb2312_bin NOT NULL,
  `categoryName` varchar(20) CHARACTER SET gb2312 COLLATE gb2312_bin NOT NULL,
  `brandName` varchar(20) CHARACTER SET gb2312 COLLATE gb2312_bin NOT NULL,
  `storage` varchar(30) CHARACTER SET gb2312 COLLATE gb2312_bin NOT NULL,
  `color` varchar(20) CHARACTER SET gb2312 COLLATE gb2312_bin NOT NULL,
  `screen` varchar(20) CHARACTER SET gb2312 COLLATE gb2312_bin NOT NULL,
  `num` int(8) NOT NULL,
  `unitPrice` decimal(14, 2) NOT NULL,
  `totalPrice` decimal(14, 2) NOT NULL,
  `isPay` tinyint(4) NOT NULL,
  `createTime` datetime(0) NOT NULL DEFAULT CURRENT_TIMESTAMP(0),
  `paymentTime` datetime(0) NULL DEFAULT NULL,
  PRIMARY KEY (`id`, `user`) USING BTREE
) ENGINE = InnoDB CHARACTER SET = gb2312 COLLATE = gb2312_bin ROW_FORMAT = Dynamic;

-- ----------------------------
-- Records of shop
-- ----------------------------
INSERT INTO `shop` VALUES ('20190507154002', 'SystemTest', 71000001, 'iPhone XS Max', '手机', ' Apple', '32G', '深空灰', '6.5寸', 3, 6229.00, 18687.00, 1, '2019-05-07 15:40:02', '2019-05-07 15:40:02');
INSERT INTO `shop` VALUES ('20190507154615', 'SystemTest', 71000005, 'iPhone XS Max', '手机', ' Apple', '32G', '金色', '6.5寸', 5, 6229.00, 31145.00, 1, '2019-05-07 15:46:15', '2019-05-07 15:46:15');
INSERT INTO `shop` VALUES ('20190507161116', 'SystemTest', 71000006, 'iPhone XS Max', '手机', ' Apple', '32G', '银色', '6.5寸', 4, 6229.00, 24916.00, 1, '2019-05-07 16:11:16', '2019-05-07 16:11:16');
INSERT INTO `shop` VALUES ('20190507161233', 'SystemTest', 71000009, 'iPhone XS Max', '手机', ' Apple', '256G', '银色', '6.5寸', 2, 9229.00, 18458.00, 1, '2019-05-07 16:12:33', '2019-05-07 16:12:33');
INSERT INTO `shop` VALUES ('20190507161931', 'SystemTest', 71000009, 'iPhone XS Max', '手机', ' Apple', '256G', '银色', '6.5寸', 2, 9229.00, 18458.00, 1, '2019-05-07 16:19:31', '2019-05-07 16:19:31');
INSERT INTO `shop` VALUES ('20190507171533', 'SystemTest', 71000005, 'iPhone XS Max', '手机', ' Apple', '32G', '金色', '6.5寸', 5, 6229.00, 31145.00, 0, '2019-05-07 17:15:33', NULL);
INSERT INTO `shop` VALUES ('20190508165916', 'SystemTest', 71000008, 'iPhone XS Max', '手机', ' Apple', '256G', '金色', '6.5寸', 7, 9229.00, 64603.00, 1, '2019-05-08 16:59:16', '2019-05-08 16:59:16');
INSERT INTO `shop` VALUES ('20190508165943', 'SystemTest', 71000009, 'iPhone XS Max', '手机', ' Apple', '256G', '银色', '6.5寸', 2, 9229.00, 18458.00, 1, '2019-05-08 16:59:43', '2019-05-08 16:59:43');
INSERT INTO `shop` VALUES ('20190508170936', 'SystemTest', 71000008, 'iPhone XS Max', '手机', ' Apple', '256G', '金色', '6.5寸', 7, 9229.00, 64603.00, 1, '2019-05-08 17:09:36', '2019-05-08 17:09:36');
INSERT INTO `shop` VALUES ('20190509095612', 'SystemTest', 71000009, 'iPhone XS Max', '手机', ' Apple', '256G', '银色', '6.5寸', 2, 9229.00, 18458.00, 1, '2019-05-09 09:56:12', '2019-05-09 09:56:12');
INSERT INTO `shop` VALUES ('20190509095616', 'SystemTest', 71000007, 'iPhone XS Max', '手机', ' Apple', '128G', '银色', '6.5寸', 20, 7429.00, 148580.00, 1, '2019-05-09 09:56:16', '2019-05-09 09:56:16');
INSERT INTO `shop` VALUES ('20190509095618', 'SystemTest', 71000002, 'iPhone XS Max', '手机', ' Apple', '128G', '金色', '6.5寸', 2, 7429.00, 14858.00, 1, '2019-05-09 09:56:18', '2019-05-09 09:56:18');
INSERT INTO `shop` VALUES ('20190509095620', 'SystemTest', 71000003, 'iPhone XS Max', '手机', ' Apple', '128G', '深空灰', '6.5寸', 18, 7429.00, 89148.00, 1, '2019-05-09 09:56:20', '2019-05-09 09:56:20');
INSERT INTO `shop` VALUES ('20190509095931', 'SystemTest', 71000002, 'iPhone XS Max', '手机', ' Apple', '128G', '金色', '6.5寸', 2, 7429.00, 14858.00, 1, '2019-05-09 09:59:31', '2019-05-09 09:59:31');
INSERT INTO `shop` VALUES ('20190509110327', 'SystemTest', 71000007, 'iPhone XS Max', '手机', ' Apple', '128G', '银色', '6.5寸', 20, 7429.00, 148580.00, 1, '2019-05-09 11:03:27', '2019-05-09 11:03:27');
INSERT INTO `shop` VALUES ('20190509111322', 'SystemTest', 71000007, 'iPhone XS Max', '手机', ' Apple', '128G', '银色', '6.5寸', 20, 7429.00, 148580.00, 1, '2019-05-09 11:13:22', '2019-05-09 11:13:22');
INSERT INTO `shop` VALUES ('20190509115408', 'SystemTest', 71000004, 'iPhone XS Max', '手机', ' Apple', '256G', '深空灰', '6.5寸', 2, 9229.00, 18458.00, 1, '2019-05-09 11:54:08', '2019-05-09 11:54:08');
INSERT INTO `shop` VALUES ('20190509115412', 'SystemTest', 71000008, 'iPhone XS Max', '手机', ' Apple', '256G', '金色', '6.5寸', 7, 9229.00, 64603.00, 1, '2019-05-09 11:54:12', '2019-05-09 11:54:12');
INSERT INTO `shop` VALUES ('20190509122124', 'SystemTest', 71000008, 'iPhone XS Max', '手机', ' Apple', '256G', '金色', '6.5寸', 7, 9229.00, 64603.00, 1, '2019-05-09 12:21:24', '2019-05-09 12:21:24');
INSERT INTO `shop` VALUES ('20190509122126', 'SystemTest', 71000002, 'iPhone XS Max', '手机', ' Apple', '128G', '金色', '6.5寸', 2, 7429.00, 14858.00, 1, '2019-05-09 12:21:26', '2019-05-09 12:21:26');
INSERT INTO `shop` VALUES ('20190509122127', 'SystemTest', 71000007, 'iPhone XS Max', '手机', ' Apple', '128G', '银色', '6.5寸', 20, 7429.00, 148580.00, 1, '2019-05-09 12:21:27', '2019-05-09 12:21:27');
INSERT INTO `shop` VALUES ('20190509122129', 'SystemTest', 71000003, 'iPhone XS Max', '手机', ' Apple', '128G', '深空灰', '6.5寸', 1, 7429.00, 7429.00, 1, '2019-05-09 12:21:29', '2019-05-09 12:21:29');
INSERT INTO `shop` VALUES ('20190509122130', 'SystemTest', 71000001, 'iPhone XS Max', '手机', ' Apple', '32G', '深空灰', '6.5寸', 3, 6229.00, 18687.00, 1, '2019-05-09 12:21:30', '2019-05-09 12:21:30');
INSERT INTO `shop` VALUES ('20190509122247', 'SystemTest', 71000003, 'iPhone XS Max', '手机', ' Apple', '128G', '深空灰', '6.5寸', 3, 7429.00, 7429.00, 1, '2019-05-09 12:22:47', '2019-05-09 12:22:47');
INSERT INTO `shop` VALUES ('20190509122315', 'SystemTest', 71000003, 'iPhone XS Max', '手机', ' Apple', '128G', '深空灰', '6.5寸', 19, 7429.00, 7429.00, 1, '2019-05-09 12:23:15', '2019-05-09 12:24:11');
INSERT INTO `shop` VALUES ('20190509122411', 'SystemTest', 71000003, 'iPhone XS Max', '手机', ' Apple', '128G', '深空灰', '6.5寸', 1, 7429.00, 7429.00, 1, '2019-05-09 12:24:11', '2019-05-09 12:24:11');
INSERT INTO `shop` VALUES ('20190509122436', 'SystemTest', 71000004, 'iPhone XS Max', '手机', ' Apple', '256G', '深空灰', '6.5寸', 2, 9229.00, 18458.00, 1, '2019-05-09 12:24:36', '2019-05-09 12:24:36');
INSERT INTO `shop` VALUES ('20190509122443', 'SystemTest', 71000004, 'iPhone XS Max', '手机', ' Apple', '256G', '深空灰', '6.5寸', 2, 9229.00, 18458.00, 1, '2019-05-09 12:24:43', '2019-05-09 12:24:43');
INSERT INTO `shop` VALUES ('20190509122445', 'SystemTest', 71000004, 'iPhone XS Max', '手机', ' Apple', '256G', '深空灰', '6.5寸', 2, 9229.00, 18458.00, 1, '2019-05-09 12:24:45', '2019-05-09 12:24:45');
INSERT INTO `shop` VALUES ('20190509122448', 'SystemTest', 71000004, 'iPhone XS Max', '手机', ' Apple', '256G', '深空灰', '6.5寸', 2, 9229.00, 18458.00, 1, '2019-05-09 12:24:48', '2019-05-09 12:24:48');
INSERT INTO `shop` VALUES ('20190509123751', 'SystemTest', 71000004, 'iPhone XS Max', '手机', ' Apple', '256G', '深空灰', '6.5寸', 2, 9229.00, 18458.00, 1, '2019-05-09 12:37:51', '2019-05-09 12:37:51');
INSERT INTO `shop` VALUES ('20190509123754', 'SystemTest', 71000003, 'iPhone XS Max', '手机', ' Apple', '128G', '深空灰', '6.5寸', 19, 7429.00, 141151.00, 1, '2019-05-09 12:37:54', '2019-05-09 12:37:54');
INSERT INTO `shop` VALUES ('20190509123835', 'SystemTest', 71000003, 'iPhone XS Max', '手机', ' Apple', '128G', '深空灰', '6.5寸', 19, 7429.00, 141151.00, 1, '2019-05-09 12:38:35', '2019-05-09 12:38:35');
INSERT INTO `shop` VALUES ('20190509123837', 'SystemTest', 71000004, 'iPhone XS Max', '手机', ' Apple', '256G', '深空灰', '6.5寸', 2, 9229.00, 18458.00, 1, '2019-05-09 12:38:37', '2019-05-09 12:38:37');
INSERT INTO `shop` VALUES ('20190509123841', 'SystemTest', 71000009, 'iPhone XS Max', '手机', ' Apple', '256G', '银色', '6.5寸', 2, 9229.00, 18458.00, 1, '2019-05-09 12:38:41', '2019-05-09 19:12:44');
INSERT INTO `shop` VALUES ('20190509191244', 'SystemTest', 71000009, 'iPhone XS Max', '手机', ' Apple', '256G', '银色', '6.5寸', 2, 9229.00, 18458.00, 1, '2019-05-09 19:12:44', '2019-05-10 15:13:53');
INSERT INTO `shop` VALUES ('20190509191248', 'SystemTest', 71000006, 'iPhone XS Max', '手机', ' Apple', '32G', '银色', '6.5寸', 4, 6229.00, 24916.00, 1, '2019-05-09 19:12:48', '2019-05-12 16:44:40');
INSERT INTO `shop` VALUES ('20190510144925', 'SystemTest', 71000004, 'iPhone XS Max', '手机', ' Apple', '256G', '深空灰', '6.5寸', 2, 9229.00, 18458.00, 1, '2019-05-10 14:49:25', '2019-05-10 14:49:25');
INSERT INTO `shop` VALUES ('20190510151110', 'SystemTest', 71000002, 'iPhone XS Max', '手机', ' Apple', '128G', '金色', '6.5寸', 2, 7429.00, 14858.00, 1, '2019-05-10 15:11:10', '2019-05-10 15:11:22');
INSERT INTO `shop` VALUES ('20190510151218', 'SystemTest', 71000008, 'iPhone XS Max', '手机', ' Apple', '256G', '金色', '6.5寸', 7, 9229.00, 64603.00, 1, '2019-05-10 15:12:18', '2019-05-10 15:13:53');
INSERT INTO `shop` VALUES ('20190510151736', 'SystemTest', 71000009, 'iPhone XS Max', '手机', ' Apple', '256G', '银色', '6.5寸', 2, 9229.00, 18458.00, 1, '2019-05-10 15:17:36', '2019-05-15 15:43:17');
INSERT INTO `shop` VALUES ('20190510151741', 'SystemTest', 71000008, 'iPhone XS Max', '手机', ' Apple', '256G', '金色', '6.5寸', 7, 9229.00, 64603.00, 1, '2019-05-10 15:17:41', '2019-05-15 15:43:17');
INSERT INTO `shop` VALUES ('20190510200632', 'SystemTest', 71000004, 'iPhone XS Max', '手机', ' Apple', '256G', '深空灰', '6.5寸', 2, 9229.00, 18458.00, 1, '2019-05-10 20:06:32', '2019-05-15 15:43:17');
INSERT INTO `shop` VALUES ('20190510200645', 'SystemTest', 71000002, 'iPhone XS Max', '手机', ' Apple', '128G', '金色', '6.5寸', 2, 7429.00, 14858.00, 1, '2019-05-10 20:06:45', '2019-05-15 15:43:18');
INSERT INTO `shop` VALUES ('20190510200700', 'SystemTest', 71000007, 'iPhone XS Max', '手机', ' Apple', '128G', '银色', '6.5寸', 1, 7429.00, 7429.00, 1, '2019-05-10 20:07:00', '2019-05-15 15:43:01');
INSERT INTO `shop` VALUES ('20190512162256', 'SystemTest', 71000006, 'iPhone XS Max', '手机', ' Apple', '32G', '银色', '6.5寸', 4, 6229.00, 24916.00, 1, '2019-05-12 16:22:56', '2019-05-12 16:22:56');
INSERT INTO `shop` VALUES ('20190512164102', 'SystemTest', 71000006, 'iPhone XS Max', '手机', ' Apple', '32G', '银色', '6.5寸', 4, 6229.00, 24916.00, 1, '2019-05-12 16:41:02', '2019-05-12 16:41:02');
INSERT INTO `shop` VALUES ('20190512164536', 'SystemTest', 71000006, 'iPhone XS Max', '手机', ' Apple', '32G', '银色', '6.5寸', 4, 6229.00, 24916.00, 1, '2019-05-12 16:45:36', '2019-05-12 16:45:36');
INSERT INTO `shop` VALUES ('20190512164811', 'SystemTest', 71000006, 'iPhone XS Max', '手机', ' Apple', '32G', '银色', '6.5寸', 4, 6229.00, 24916.00, 1, '2019-05-12 16:48:11', '2019-05-12 16:48:11');
INSERT INTO `shop` VALUES ('20190512165242', 'SystemTest', 71000006, 'iPhone XS Max', '手机', ' Apple', '32G', '银色', '6.5寸', 4, 6229.00, 24916.00, 1, '2019-05-12 16:52:42', '2019-05-12 16:52:42');
INSERT INTO `shop` VALUES ('20190512165441', 'SystemTest', 71000006, 'iPhone XS Max', '手机', ' Apple', '32G', '银色', '6.5寸', 2, 6229.00, 12458.00, 1, '2019-05-12 16:54:41', '2019-05-12 16:54:41');
INSERT INTO `shop` VALUES ('20190513140735', 'SystemTest', 71000001, 'iPhone XS Max', '手机', ' Apple', '32G', '深空灰', '6.5寸', 3, 6229.00, 18687.00, 1, '2019-05-13 14:07:35', '2019-05-15 15:43:18');
INSERT INTO `shop` VALUES ('20190515171354', 'SystemTest', 71000001, 'iPhone XS Max', '手机', ' Apple', '32G', '深空灰', '6.5寸', 3, 6229.00, 18687.00, 1, '2019-05-15 17:13:54', '2019-05-15 17:16:47');
INSERT INTO `shop` VALUES ('20190515171435', 'SystemTest', 71000002, 'iPhone XS Max', '手机', ' Apple', '128G', '金色', '6.5寸', 2, 7429.00, 14858.00, 1, '2019-05-15 17:14:35', '2019-05-15 17:16:47');
INSERT INTO `shop` VALUES ('20190515171439', 'SystemTest', 71000007, 'iPhone XS Max', '手机', ' Apple', '128G', '银色', '6.5寸', 1, 7429.00, 7429.00, 1, '2019-05-15 17:14:39', '2019-05-15 17:16:47');
INSERT INTO `shop` VALUES ('20190515171442', 'SystemTest', 71000006, 'iPhone XS Max', '手机', ' Apple', '32G', '银色', '6.5寸', 1, 6229.00, 6229.00, 0, '2019-05-15 17:14:42', NULL);
INSERT INTO `shop` VALUES ('20190515171444', 'SystemTest', 71000009, 'iPhone XS Max', '手机', ' Apple', '256G', '银色', '6.5寸', 2, 9229.00, 18458.00, 1, '2019-05-15 17:14:44', '2019-05-15 17:16:48');
INSERT INTO `shop` VALUES ('20190515171503', 'SystemTest', 71000006, 'iPhone XS Max', '手机', ' Apple', '32G', '银色', '6.5寸', 1, 6229.00, 6229.00, 1, '2019-05-15 17:15:03', '2019-05-15 17:15:03');
INSERT INTO `shop` VALUES ('20190515194753', 'SystemTest', 71000004, 'iPhone XS Max', '手机', ' Apple', '256G', '深空灰', '6.5寸', 1, 9229.00, 9229.00, 0, '2019-05-15 19:47:53', NULL);
INSERT INTO `shop` VALUES ('20190515200457', 'SystemTest', 71000003, 'iPhone XS Max', '手机', ' Apple', '128G', '深空灰', '6.5寸', 1, 7429.00, 7429.00, 0, '2019-05-15 20:04:57', NULL);
INSERT INTO `shop` VALUES ('20190521232619', 'SystemTest', 73000010, '华为 P30 Pro', '手机', ' 华为 / Huawei', '8GB+128GB', '天空之镜', '6.5寸', 2, 5488.00, 10976.00, 1, '2019-05-21 23:26:19', '2019-06-01 12:47:11');
INSERT INTO `shop` VALUES ('20190521232648', 'SystemTest', 73000015, '华为 P30 Pro', '手机', ' 华为 / Huawei', '8GB+256GB', '天空之镜', '6.5寸', 6, 5988.00, 35928.00, 1, '2019-05-21 23:26:48', '2019-05-21 23:26:48');
INSERT INTO `shop` VALUES ('20190522182657', 'SystemTest', 73000004, 'OnePlus 7 Pro', '手机', ' 一加 / OnePlus', '128G', '皓月金', '6.5寸', 6, 3999.00, 23994.00, 1, '2019-05-22 18:26:57', '2019-05-22 18:26:57');
INSERT INTO `shop` VALUES ('20190523205629', 'SystemTest', 73000071, 'iPad Pro', '平板', ' 苹果 / Apple', '1TB', '深空灰', '10.5寸', 9, 9059.00, 81531.00, 1, '2019-05-23 20:56:29', '2019-05-23 20:56:29');
INSERT INTO `shop` VALUES ('20190524220052', 'SystemTest', 73000040, 'iPhone XR', '手机', ' 苹果 / Apple', '64GB', '黄色', '5.5寸', 1, 6199.00, 6199.00, 0, '2019-05-24 22:00:52', NULL);
INSERT INTO `shop` VALUES ('20190526003218', 'SystemTest', 73000015, '华为 P30 Pro', '手机', ' 华为 / Huawei', '8GB+256GB', '天空之镜', '6.5寸', 6, 5988.00, 35928.00, 1, '2019-05-26 00:32:18', '2019-05-26 00:32:18');
INSERT INTO `shop` VALUES ('20190526004220', 'SystemTest', 73000055, '暗影精灵4', '电脑', ' 惠普 / HP', 'i5 128G SSD+1TB HDD', '黑色', '15.6寸', 2, 6499.00, 12998.00, 1, '2019-05-26 00:42:20', '2019-05-26 00:42:20');
INSERT INTO `shop` VALUES ('20190526004539', 'SystemTest', 73000057, '暗影精灵4', '电脑', ' 惠普 / HP', 'i7 128G SSD+1TB HDD', '黑色', '15.6寸', 1, 6699.00, 6699.00, 1, '2019-05-26 00:45:39', '2019-05-26 00:45:39');
INSERT INTO `shop` VALUES ('20190526004619', 'SystemTest', 73000040, 'iPhone XR', '手机', ' 苹果 / Apple', '64GB', '黄色', '5.5寸', 999, 6199.00, 6199.00, 1, '2019-05-26 00:46:19', '2019-05-26 00:46:40');
INSERT INTO `shop` VALUES ('20190526004735', 'SystemTest', 73000037, 'iPhone XR', '手机', ' 苹果 / Apple', '64GB', '蓝色', '5.5寸', 1, 6199.00, 6199.00, 1, '2019-05-26 00:47:35', '2019-05-26 00:47:35');
INSERT INTO `shop` VALUES ('20190526004736', 'SystemTest', 73000037, 'iPhone XR', '手机', ' 苹果 / Apple', '64GB', '蓝色', '5.5寸', 998, 6199.00, 6199.00, 1, '2019-05-26 00:47:36', '2019-05-26 00:47:51');
INSERT INTO `shop` VALUES ('20190526174507', 'SystemTest', 71000001, 'iPhone XS Max', '手机', ' 苹果 / Apple', '32GB', '深空灰', '6.5寸', 3, 6239.00, 18717.00, 1, '2019-05-26 17:45:07', '2019-05-26 18:11:39');
INSERT INTO `shop` VALUES ('20190526180622', 'SystemTest', 73000081, 'iPhone XS', '手机', ' 苹果 / Apple', '512GB', '深空灰', '5.5寸', 12, 9429.00, 113148.00, 1, '2019-05-26 18:06:22', '2019-05-26 18:06:22');
INSERT INTO `shop` VALUES ('20190526181121', 'SystemTest', 73000090, 'HUAWEI MateBook X Pro', '电脑', ' 华为 / Huawei', '512GB', '深空灰', '12.9寸', 1, 7999.00, 7999.00, 1, '2019-05-26 18:11:21', '2019-05-26 18:11:39');
INSERT INTO `shop` VALUES ('20190526181158', 'SystemTest', 73000090, 'HUAWEI MateBook X Pro', '电脑', ' 华为 / Huawei', '512GB', '深空灰', '12.9寸', 1, 7999.00, 7999.00, 0, '2019-05-26 18:11:58', NULL);
INSERT INTO `shop` VALUES ('20190526181214', 'SystemTest', 73000020, '华为 P30 Pro', '手机', ' 华为 / Huawei', '8GB+512GB', '天空之镜', '6.5寸', 1, 6788.00, 6788.00, 0, '2019-05-26 18:12:14', NULL);
INSERT INTO `shop` VALUES ('20190526181230', 'SystemTest', 73000028, '华为 nova 4', '手机', ' 华为 / Huawei', '6GB+128GB', '苏音蓝', '6.5寸', 1, 2699.00, 2699.00, 0, '2019-05-26 18:12:30', NULL);
INSERT INTO `shop` VALUES ('20190526181241', 'SystemTest', 73000006, 'OnePlus 7 Pro', '手机', ' 一加 / OnePlus', '256GB', '星雾蓝', '6.5寸', 1, 4499.00, 4499.00, 0, '2019-05-26 18:12:41', NULL);
INSERT INTO `shop` VALUES ('20190526181245', 'SystemTest', 71000001, 'iPhone XS Max', '手机', ' 苹果 / Apple', '32GB', '深空灰', '6.5寸', 1, 6239.00, 6239.00, 1, '2019-05-26 18:12:45', '2019-06-01 12:50:59');
INSERT INTO `shop` VALUES ('20190527144209', 'SystemTest', 73000008, '华为 P30 Pro', '手机', ' 华为 / Huawei', '8GB+128GB', '亮黑色', '6.5寸', 4, 5488.00, 21952.00, 1, '2019-05-27 14:42:09', '2019-05-27 14:42:09');
INSERT INTO `shop` VALUES ('20190527151954', 'SystemTest', 73000059, 'iPad Pro', '平板', ' 苹果 / Apple', '64GB', '深空灰', '10.5寸', 1, 6331.00, 6331.00, 1, '2019-05-27 15:19:54', '2019-05-27 15:19:54');
INSERT INTO `shop` VALUES ('20190527152003', 'SystemTest', 73000023, '华为 nova 4', '手机', ' 华为 / Huawei', '8GB+128GB', '蜜语红', '6.5寸', 1, 3099.00, 3099.00, 1, '2019-05-27 15:20:03', '2019-05-27 15:20:03');
INSERT INTO `shop` VALUES ('20190527152011', 'SystemTest', 73000003, 'OnePlus 7 Pro', '手机', ' 一加 / OnePlus', '128GB', '星雾蓝', '6.5寸', 1, 4499.00, 4499.00, 1, '2019-05-27 15:20:11', '2019-05-27 15:20:11');
INSERT INTO `shop` VALUES ('20190527152015', 'SystemTest', 73000006, 'OnePlus 7 Pro', '手机', ' 一加 / OnePlus', '256GB', '星雾蓝', '6.5寸', 1, 4499.00, 4499.00, 1, '2019-05-27 15:20:15', '2019-05-27 15:20:15');
INSERT INTO `shop` VALUES ('20190527152051', 'SystemTest', 73000091, 'HUAWEI MateBook X Pro 2019', '电脑', ' 华为 / Huawei', '512GB', '金色', '12.9寸', 1, 7999.00, 7999.00, 1, '2019-05-27 15:20:51', '2019-05-27 15:20:51');
INSERT INTO `shop` VALUES ('20190527152142', 'SystemTest', 73000084, '暗影精灵5', '电脑', ' 惠普 / HP', 'i5九代+GTX1050+8G+512GSSD', '黑色', '15.6寸60Hz', 1, 5499.00, 5499.00, 1, '2019-05-27 15:21:42', '2019-05-27 15:21:42');
INSERT INTO `shop` VALUES ('20190527152146', 'SystemTest', 73000088, '暗影精灵5', '电脑', ' 惠普 / HP', 'i5九代+GTX1660Ti+8G+512GSSD', '黑色', '15.6寸60Hz', 1, 7499.00, 7499.00, 1, '2019-05-27 15:21:46', '2019-05-27 15:21:46');
INSERT INTO `shop` VALUES ('20190527152157', 'SystemTest', 73000086, '暗影精灵5', '电脑', ' 惠普 / HP', 'i5九代+GTX1650+8G+512GSSD', '黑色', '15.6寸60Hz', 1, 6499.00, 6499.00, 1, '2019-05-27 15:21:57', '2019-05-27 15:21:57');
INSERT INTO `shop` VALUES ('20190527152202', 'SystemTest', 73000094, 'HUAWEI MateBook X Pro 2019', '电脑', ' 华为 / Huawei', '1TB', '金色', '12.9寸', 1, 13999.00, 13999.00, 1, '2019-05-27 15:22:02', '2019-05-27 15:22:02');
INSERT INTO `shop` VALUES ('20190527152224', 'SystemTest', 73000067, 'iPad Pro', '平板', ' 苹果 / Apple', '512GB', '深空灰', '10.5寸', 1, 9059.00, 9059.00, 1, '2019-05-27 15:22:24', '2019-05-27 15:22:24');
INSERT INTO `shop` VALUES ('20190527152241', 'SystemTest', 73000065, 'iPad Pro', '平板', ' 苹果 / Apple', '256GB', '银色', '10.5寸', 1, 7500.00, 7500.00, 1, '2019-05-27 15:22:41', '2019-05-27 15:22:41');
INSERT INTO `shop` VALUES ('20190527152248', 'SystemTest', 73000065, 'iPad Pro', '平板', ' 苹果 / Apple', '256GB', '银色', '10.5寸', 1, 7500.00, 7500.00, 1, '2019-05-27 15:22:48', '2019-05-27 15:22:48');
INSERT INTO `shop` VALUES ('20190527152259', 'SystemTest', 73000065, 'iPad Pro', '平板', ' 苹果 / Apple', '256GB', '银色', '10.5寸', 6, 7500.00, 45000.00, 1, '2019-05-27 15:22:59', '2019-05-27 15:22:59');
INSERT INTO `shop` VALUES ('20190528163448', 'SystemTest', 73000126, 'HUAWEI MateBook X Pro', '电脑', ' 华为 / Huawei', 'i5 512G SSD', '银色', '12.9寸', 10, 7299.00, 72990.00, 1, '2019-05-28 16:34:48', '2019-05-28 16:34:48');
INSERT INTO `shop` VALUES ('20190529213129', 'SystemTest', 73000008, '华为 P30 Pro', '手机', ' 华为 / Huawei', '8GB+128GB', '亮黑色', '6.5寸', 4, 5488.00, 21952.00, 1, '2019-05-29 21:31:29', '2019-05-29 21:31:29');
INSERT INTO `shop` VALUES ('20190529225659', 'l0810', 73000020, '华为 P30 Pro', '手机', ' 华为 / Huawei', '8GB+512GB', '天空之镜', '6.5寸', 1, 6788.00, 6788.00, 1, '2019-05-29 22:56:59', '2019-05-29 22:58:05');
INSERT INTO `shop` VALUES ('20190529225731', 'l0810', 73000014, '华为 P30 Pro', '手机', ' 华为 / Huawei', '8GB+256GB', '极光色', '6.5寸', 1, 5988.00, 5988.00, 1, '2019-05-29 22:57:31', '2019-05-29 22:58:41');
INSERT INTO `shop` VALUES ('20190529225735', 'l0810', 73000016, '华为 P30 Pro', '手机', ' 华为 / Huawei', '8GB+256GB', '赤茶橘', '6.5寸', 1, 5988.00, 5988.00, 1, '2019-05-29 22:57:35', '2019-05-29 22:58:41');
INSERT INTO `shop` VALUES ('20190529225737', 'l0810', 73000017, '华为 P30 Pro', '手机', ' 华为 / Huawei', '8GB+256GB', '珠光贝母', '6.5寸', 1, 5988.00, 5988.00, 1, '2019-05-29 22:57:37', '2019-05-29 22:58:41');
INSERT INTO `shop` VALUES ('20190529225740', 'l0810', 73000013, '华为 P30 Pro', '手机', ' 华为 / Huawei', '8GB+256GB', '亮黑色', '6.5寸', 1, 5988.00, 5988.00, 1, '2019-05-29 22:57:40', '2019-05-29 22:58:41');
INSERT INTO `shop` VALUES ('20190529230304', 'l0810', 73000015, '华为 P30 Pro', '手机', ' 华为 / Huawei', '8GB+256GB', '天空之镜', '6.5寸', 1, 5988.00, 5988.00, 1, '2019-05-29 23:03:04', '2019-05-29 23:03:04');
INSERT INTO `shop` VALUES ('20190530201524', 'l0810', 73000008, '华为 P30 Pro', '手机', ' 华为 / Huawei', '8GB+128GB', '亮黑色', '6.5寸', 1, 5488.00, 5488.00, 0, '2019-05-30 20:15:24', NULL);
INSERT INTO `shop` VALUES ('20190531013833', 'SystemTest', 73000008, '华为 P30 Pro', '手机', ' 华为 / Huawei', '8GB+128GB', '亮黑色', '6.5寸', 4, 5488.00, 21952.00, 1, '2019-05-31 01:38:33', '2019-06-01 12:50:59');
INSERT INTO `shop` VALUES ('20190531013836', 'SystemTest', 73000008, '华为 P30 Pro', '手机', ' 华为 / Huawei', '8GB+128GB', '亮黑色', '6.5寸', 4, 5488.00, 21952.00, 1, '2019-05-31 01:38:36', '2019-05-31 01:38:36');
INSERT INTO `shop` VALUES ('20190601012114', 'SystemTest', 73000008, '华为 P30 Pro', '手机', ' 华为 / Huawei', '8GB+128GB', '亮黑色', '6.5寸', 4, 5488.00, 21952.00, 1, '2019-06-01 01:21:14', '2019-06-01 01:21:14');
INSERT INTO `shop` VALUES ('20190601012140', 'SystemTest', 73000008, '华为 P30 Pro', '手机', ' 华为 / Huawei', '8GB+128GB', '亮黑色', '6.5寸', 4, 5488.00, 21952.00, 1, '2019-06-01 01:21:40', '2019-06-01 01:21:40');
INSERT INTO `shop` VALUES ('20190601103232', 'SystemTest', 73000008, '华为 P30 Pro', '手机', ' 华为 / Huawei', '8GB+128GB', '亮黑色', '6.5寸', 4, 5488.00, 21952.00, 1, '2019-06-01 10:32:32', '2019-06-01 10:32:32');
INSERT INTO `shop` VALUES ('20190601103303', 'SystemTest', 73000008, '华为 P30 Pro', '手机', ' 华为 / Huawei', '8GB+128GB', '亮黑色', '6.5寸', 4, 5488.00, 21952.00, 1, '2019-06-01 10:33:03', '2019-06-01 10:33:03');
INSERT INTO `shop` VALUES ('20190601114128', 'SystemTest', 73000015, '华为 P30 Pro', '手机', ' 华为 / Huawei', '8GB+256GB', '天空之镜', '6.5寸', 1, 5988.00, 5988.00, 1, '2019-06-01 11:41:28', '2019-06-01 11:41:28');
INSERT INTO `shop` VALUES ('20190601124047', 'SystemTest', 73000015, '华为 P30 Pro', '手机', ' 华为 / Huawei', '8GB+256GB', '天空之镜', '6.5寸', 6, 5988.00, 35928.00, 1, '2019-06-01 12:40:47', '2019-06-01 12:40:47');
INSERT INTO `shop` VALUES ('20190601124933', 'SystemTest', 73000010, '华为 P30 Pro', '手机', ' 华为 / Huawei', '8GB+128GB', '天空之镜', '6.5寸', 2, 5488.00, 10976.00, 0, '2019-06-01 12:49:33', NULL);

-- ----------------------------
-- Table structure for user
-- ----------------------------
DROP TABLE IF EXISTS `user`;
CREATE TABLE `user`  (
  `user` varchar(20) CHARACTER SET gb2312 COLLATE gb2312_bin NOT NULL,
  `password` varchar(20) CHARACTER SET gb2312 COLLATE gb2312_bin NOT NULL,
  `nickName` varchar(45) CHARACTER SET gb2312 COLLATE gb2312_bin NOT NULL,
  `headPic` varchar(30) CHARACTER SET gb2312 COLLATE gb2312_bin NOT NULL DEFAULT 'headpic\\user.png',
  `regTime` datetime(0) NOT NULL DEFAULT CURRENT_TIMESTAMP(0),
  `currentTime` datetime(0) NULL DEFAULT NULL,
  `lastTime` datetime(0) NOT NULL,
  `viewCount` int(8) NOT NULL DEFAULT 0,
  `online` tinyint(4) NULL DEFAULT 0,
  PRIMARY KEY (`user`) USING BTREE
) ENGINE = InnoDB CHARACTER SET = gb2312 COLLATE = gb2312_bin ROW_FORMAT = Dynamic;

-- ----------------------------
-- Records of user
-- ----------------------------
INSERT INTO `user` VALUES ('1023762184', 'lalala123', 'y', 'headpic\\user.png', '2019-05-28 22:53:26', '2022-07-08 22:33:20', '2022-07-08 22:33:20', 17, 0);
INSERT INTO `user` VALUES ('20153333', 'lalala123', 'y', 'headpic\\user.png', '2019-05-28 22:54:11', '2022-07-08 22:32:45', '2022-07-08 22:32:45', 22, 0);
INSERT INTO `user` VALUES ('SystemTest', '123456', '系统测试账号', 'headpic\\SystemTest.png', '2019-03-28 14:33:49', '2022-07-08 22:35:12', '2022-07-08 22:35:12', 207, 0);
INSERT INTO `user` VALUES ('l', '123456', 'l', 'headpic\\l.jpg', '2019-05-27 21:03:52', '2022-07-08 22:30:27', '2022-07-08 22:30:27', 30, 0);
INSERT INTO `user` VALUES ('l0810', 'l', 'l', 'headpic\\l0810.jpg', '2019-05-29 22:34:22', '2022-07-08 22:31:59', '2022-07-08 22:31:59', 17, 0);
INSERT INTO `user` VALUES ('sakura', 'ygy123456789', 'y', 'headpic\\user.png', '2019-05-28 22:53:23', '2022-07-08 22:34:48', '2022-07-08 22:34:48', 19, 0);

SET FOREIGN_KEY_CHECKS = 1;
